"annotation_id","annotator","created_at","id","image","label","lead_time","updated_at"
1,"1","2024-06-03T16:04:17.406806Z",1,"/data/upload/1/8060995b-Image_3.jpg","[{""x"":6.626506024096386,""y"":15.252499359138682,""width"":88.07228915662651,""height"":32.34870743201941,""rotation"":0,""rectanglelabels"":[""cucumber""],""original_width"":850,""original_height"":611}]",136.119,"2024-06-03T16:04:17.406806Z"
2,"1","2024-06-03T16:04:35.710984Z",2,"/data/upload/1/023c19f4-Image_6_3.jpg","[{""x"":6.025824964131994,""y"":17.790530846484938,""width"":80.77474892395982,""height"":38.45050215208033,""rotation"":0,""rectanglelabels"":[""cucumber""],""original_width"":1000,""original_height"":1000}]",15.153,"2024-06-03T16:04:35.710984Z"
3,"1","2024-06-03T16:05:55.418713Z",3,"/data/upload/1/2f626f14-Image_8_2.jpg","[{""x"":17.790530846484938,""y"":18.220946915351508,""width"":24.533715925394542,""height"":81.7790530846485,""rotation"":0,""rectanglelabels"":[""cucumber""],""original_width"":1000,""original_height"":1000},{""x"":33.428981348637016,""y"":8.464849354375897,""width"":31.276901004304158,""height"":86.08321377331421,""rotation"":0,""rectanglelabels"":[""cucumber""],""original_width"":1000,""original_height"":1000},{""x"":56.241032998565274,""y"":3.1563845050215207,""width"":22.9555236728838,""height"":83.35724533715926,""rotation"":0,""rectanglelabels"":[""cucumber""],""original_width"":1000,""original_height"":1000}]",77.54,"2024-06-03T16:05:55.418713Z"
4,"1","2024-06-03T16:07:18.517165Z",4,"/data/upload/1/f6f1f146-Image_8_3.jpg","[{""x"":3.7302725968436152,""y"":27.116212338593975,""width"":78.62266857962695,""height"":68.29268292682929,""rotation"":0,""rectanglelabels"":[""cucumber""],""original_width"":1000,""original_height"":1000},{""x"":10.043041606886657,""y"":42.61119081779053,""width"":89.81348637015782,""height"":36.29842180774749,""rotation"":0,""rectanglelabels"":[""cucumber""],""original_width"":1000,""original_height"":1000}]",68.837,"2024-06-03T16:07:18.517165Z"
50,"1","2024-06-03T17:16:01.372081Z",5,"/data/upload/1/d21b77e1-Image_8.jpg","[{""x"":18.220946915351508,""y"":17.93400286944046,""width"":24.2467718794835,""height"":82.06599713055954,""rotation"":0,""rectanglelabels"":[""cucumber""],""original_width"":1000,""original_height"":1000},{""x"":33.28550932568148,""y"":4.447632711621234,""width"":31.276901004304143,""height"":90.10043041606886,""rotation"":0,""rectanglelabels"":[""cucumber""],""original_width"":1000,""original_height"":1000},{""x"":56.3845050215208,""y"":0,""width"":22.52510760401725,""height"":86.94404591104741,""rotation"":0,""rectanglelabels"":[""cucumber""],""original_width"":1000,""original_height"":1000}]",35.602,"2024-06-03T17:16:01.372081Z"
5,"1","2024-06-03T16:09:37.363350Z",6,"/data/upload/1/dfee06d7-Image_10_2.jpg","[{""x"":9.397590361445783,""y"":15.903614457831324,""width"":41.80722891566265,""height"":40.96385542168675,""rotation"":0,""rectanglelabels"":[""cucumber""],""original_width"":4000,""original_height"":3000},{""x"":33.13253012048193,""y"":24.417670682730925,""width"":17.10843373493976,""height"":64.57831325301206,""rotation"":0,""rectanglelabels"":[""cucumber""],""original_width"":4000,""original_height"":3000},{""x"":45.06024096385542,""y"":37.42971887550201,""width"":18.915662650602407,""height"":61.84738955823295,""rotation"":0,""rectanglelabels"":[""cucumber""],""original_width"":4000,""original_height"":3000},{""x"":31.44578313253012,""y"":4.176706827309237,""width"":33.73493975903615,""height"":20.88353413654618,""rotation"":0,""rectanglelabels"":[""cucumber""],""original_width"":4000,""original_height"":3000},{""x"":60.48192771084337,""y"":16.70682730923695,""width"":23.373493975903614,""height"":36.78714859437751,""rotation"":0,""rectanglelabels"":[""cucumber""],""original_width"":4000,""original_height"":3000},{""x"":51.9277108433735,""y"":20.722891566265062,""width"":19.27710843373493,""height"":51.08433734939759,""rotation"":0,""rectanglelabels"":[""cucumber""],""original_width"":4000,""original_height"":3000}]",129.769,"2024-06-03T16:09:37.363350Z"
6,"1","2024-06-03T16:11:25.918914Z",7,"/data/upload/1/da4d3d99-Image_10_3.jpg","[{""x"":37.472950819672135,""y"":15.737704918032788,""width"":27.231147540983606,""height"":36.55737704918033,""rotation"":0,""rectanglelabels"":[""cucumber""],""original_width"":600,""original_height"":441},{""x"":9.277868852459017,""y"":15.40983606557377,""width"":28.315573770491802,""height"":56.72131147540984,""rotation"":0,""rectanglelabels"":[""cucumber""],""original_width"":600,""original_height"":441},{""x"":0.12049180327868853,""y"":45.90163934426229,""width"":22.652459016393443,""height"":39.50819672131147,""rotation"":0,""rectanglelabels"":[""cucumber""],""original_width"":600,""original_height"":441},{""x"":13.374590163934426,""y"":12.622950819672132,""width"":29.27950819672132,""height"":16.55737704918033,""rotation"":0,""rectanglelabels"":[""cucumber""],""original_width"":600,""original_height"":441},{""x"":32.77377049180328,""y"":0,""width"":17.350819672131152,""height"":17.868852459016395,""rotation"":0,""rectanglelabels"":[""cucumber""],""original_width"":600,""original_height"":441},{""x"":51.08852459016394,""y"":0,""width"":25.303278688524586,""height"":24.91803278688525,""rotation"":0,""rectanglelabels"":[""cucumber""],""original_width"":600,""original_height"":441},{""x"":33.25573770491804,""y"":47.868852459016395,""width"":35.786065573770486,""height"":52.131147540983605,""rotation"":0,""rectanglelabels"":[""cucumber""],""original_width"":600,""original_height"":441}]",106.31,"2024-06-03T16:11:25.918914Z"
7,"1","2024-06-03T16:22:34.257235Z",8,"/data/upload/1/1020db2c-Image_12.jpg","[{""x"":31.207779886148014,""y"":6.072106261859583,""width"":51.69165085388996,""height"":51.42314990512333,""rotation"":0,""rectanglelabels"":[""cucumber""],""original_width"":1200,""original_height"":762}]",20.697,"2024-06-03T16:22:34.257235Z"
8,"1","2024-06-03T16:23:43.083952Z",9,"/data/upload/1/31a3c2b1-Image_14.jpg","[{""x"":6.456241032998565,""y"":14.49067431850789,""width"":77.6183644189383,""height"":48.63701578192253,""rotation"":0,""rectanglelabels"":[""cucumber""],""original_width"":1000,""original_height"":1000},{""x"":31.563845050215207,""y"":30.55954088952654,""width"":60.114777618364414,""height"":69.1535150645624,""rotation"":0,""rectanglelabels"":[""cucumber""],""original_width"":1000,""original_height"":1000},{""x"":14.634146341463413,""y"":3.012912482065996,""width"":76.18364418938305,""height"":16.068866571018653,""rotation"":0,""rectanglelabels"":[""cucumber""],""original_width"":1000,""original_height"":1000}]",66.919,"2024-06-03T16:23:43.083952Z"
9,"1","2024-06-03T16:24:50.971130Z",10,"/data/upload/1/59dc5a62-Image_15.jpg","[{""x"":17.790530846484938,""y"":23.816355810616933,""width"":52.510760401721654,""height"":46.34146341463415,""rotation"":0,""rectanglelabels"":[""cucumber""],""original_width"":1000,""original_height"":1000},{""x"":48.06312769010042,""y"":42.61119081779053,""width"":31.85078909612626,""height"":25.10760401721665,""rotation"":0,""rectanglelabels"":[""cucumber""],""original_width"":1000,""original_height"":1000},{""x"":5.164992826398852,""y"":38.02008608321377,""width"":79.05308464849354,""height"":17.790530846484934,""rotation"":0,""rectanglelabels"":[""cucumber""],""original_width"":1000,""original_height"":1000}]",60.926,"2024-06-03T16:24:50.971130Z"
10,"1","2024-06-03T16:25:52.672439Z",11,"/data/upload/1/aeafb032-Image_16.jpg","[{""x"":2.4096385542168677,""y"":44.23418346191358,""width"":77.34939759036145,""height"":53.803210904694886,""rotation"":0,""rectanglelabels"":[""cucumber""],""original_width"":6183,""original_height"":4126},{""x"":6.8674698795180715,""y"":22.929556325155204,""width"":80.12048192771086,""height"":36.651180582728394,""rotation"":0,""rectanglelabels"":[""cucumber""],""original_width"":6183,""original_height"":4126},{""x"":9.156626506024097,""y"":2.5276676263950617,""width"":76.26506024096385,""height"":29.4292730787425,""rotation"":0,""rectanglelabels"":[""cucumber""],""original_width"":6183,""original_height"":4126}]",59.519,"2024-06-03T16:25:52.672439Z"
11,"1","2024-06-03T16:29:05.034880Z",12,"/data/upload/1/cd34a3d4-Image_17.jpg","[{""x"":49.78479196556672,""y"":13.773314203730273,""width"":28.55093256814922,""height"":46.48493543758966,""rotation"":0,""rectanglelabels"":[""cucumber""],""original_width"":900,""original_height"":900},{""x"":14.777618364418938,""y"":42.46771879483501,""width"":27.83357245337159,""height"":31.563845050215207,""rotation"":0,""rectanglelabels"":[""cucumber""],""original_width"":900,""original_height"":900},{""x"":19.655667144906744,""y"":27.546628407460545,""width"":23.098995695839317,""height"":34.28981348637016,""rotation"":0,""rectanglelabels"":[""cucumber""],""original_width"":900,""original_height"":900},{""x"":23.529411764705888,""y"":18.794835007173603,""width"":21.37733142037302,""height"":23.385939741750356,""rotation"":0,""rectanglelabels"":[""cucumber""],""original_width"":900,""original_height"":900},{""x"":40.45911047345768,""y"":29.985652797704443,""width"":21.233859397417497,""height"":30.703012912482073,""rotation"":0,""rectanglelabels"":[""cucumber""],""original_width"":900,""original_height"":900}]",189.184,"2024-06-03T16:29:05.034880Z"
12,"1","2024-06-03T16:36:28.631907Z",13,"/data/upload/1/399577e7-Image_18.jpg","[{""x"":18.551076040172166,""y"":86.37015781922523,""width"":71.7180774748924,""height"":11.621233859397421,""rotation"":0,""rectanglelabels"":[""cucumber""],""original_width"":1000,""original_height"":1333},{""x"":12.813629842180774,""y"":74.17503586800572,""width"":77.6467718794835,""height"":15.208034433285505,""rotation"":0,""rectanglelabels"":[""cucumber""],""original_width"":1000,""original_height"":1333},{""x"":14.53486370157819,""y"":60.97560975609755,""width"":74.20430416068866,""height"":15.351506456241033,""rotation"":0,""rectanglelabels"":[""cucumber""],""original_width"":1000,""original_height"":1333},{""x"":0.7649928263988521,""y"":45.91104734576757,""width"":92.18163558106167,""height"":14.921090387374464,""rotation"":0,""rectanglelabels"":[""cucumber""],""original_width"":1000,""original_height"":1333},{""x"":13.004878048780489,""y"":31.85078909612625,""width"":82.42797704447632,""height"":16.786226685796265,""rotation"":0,""rectanglelabels"":[""cucumber""],""original_width"":1000,""original_height"":1333},{""x"":12.431133428981347,""y"":17.790530846484938,""width"":83.57546628407461,""height"":15.925394548063124,""rotation"":0,""rectanglelabels"":[""cucumber""],""original_width"":1000,""original_height"":1333},{""x"":15.68235294117647,""y"":1.0043041606886656,""width"":79.3680057388809,""height"":18.36441893830703,""rotation"":0,""rectanglelabels"":[""cucumber""],""original_width"":1000,""original_height"":1333}]",440.613,"2024-06-03T16:36:28.631907Z"
13,"1","2024-06-03T16:38:07.526132Z",14,"/data/upload/1/bc63d760-Image_19.jpg","[{""x"":2.163650668764752,""y"":71.87948350071736,""width"":53.45489887536448,""height"":24.246771879483507,""rotation"":0,""rectanglelabels"":[""cucumber""],""original_width"":4898,""original_height"":4345},{""x"":43.27301337529504,""y"":55.38020086083214,""width"":49.7639653815893,""height"":32.1377331420373,""rotation"":0,""rectanglelabels"":[""cucumber""],""original_width"":4898,""original_height"":4345},{""x"":24.691072337668345,""y"":59.82783357245337,""width"":53.20035173786273,""height"":34.433285509325685,""rotation"":0,""rectanglelabels"":[""cucumber""],""original_width"":4898,""original_height"":4345},{""x"":57.400379506641364,""y"":33.428981348637016,""width"":41.491183412782895,""height"":46.34146341463414,""rotation"":0,""rectanglelabels"":[""cucumber""],""original_width"":4898,""original_height"":4345},{""x"":73.69139630675244,""y"":15.351506456241031,""width"":23.80015735641229,""height"":51.93687230989957,""rotation"":0,""rectanglelabels"":[""cucumber""],""original_width"":4898,""original_height"":4345},{""x"":38.43661776276207,""y"":24.820659971305595,""width"":36.782061369000786,""height"":45.624103299856536,""rotation"":0,""rectanglelabels"":[""cucumber""],""original_width"":4898,""original_height"":4345},{""x"":22.400148100152727,""y"":28.694404591104732,""width"":40.47299486277595,""height"":40.74605451936874,""rotation"":0,""rectanglelabels"":[""cucumber""],""original_width"":4898,""original_height"":4345},{""x"":0.12727356875086776,""y"":47.48923959827834,""width"":32.83658073772389,""height"":33.14203730272596,""rotation"":0,""rectanglelabels"":[""cucumber""],""original_width"":4898,""original_height"":4345}]",95.841,"2024-06-03T16:38:07.526132Z"
14,"1","2024-06-03T16:39:06.447247Z",15,"/data/upload/1/0fc6325e-Image_20.jpg","[{""x"":27.10843373493976,""y"":41.38626899364669,""width"":72.77108433734938,""height"":23.771452025276414,""rotation"":0,""rectanglelabels"":[""cucumber""],""original_width"":2000,""original_height"":1409},{""x"":12.168674698795183,""y"":17.272781687431056,""width"":75.18072289156628,""height"":21.890257980110647,""rotation"":0,""rectanglelabels"":[""cucumber""],""original_width"":2000,""original_height"":1409},{""x"":31.08433734939759,""y"":67.72298562596731,""width"":68.91566265060241,""height"":22.40331090151949,""rotation"":0,""rectanglelabels"":[""cucumber""],""original_width"":2000,""original_height"":1409},{""x"":18.55421686746988,""y"":6.669687978314963,""width"":64.93975903614457,""height"":16.417693485082985,""rotation"":0,""rectanglelabels"":[""cucumber""],""original_width"":2000,""original_height"":1409}]",56.06,"2024-06-03T16:39:06.447247Z"
15,"1","2024-06-03T16:39:35.526990Z",16,"/data/upload/1/64518036-Image_21.jpg","[{""x"":21.57083521699819,""y"":11.573236889692586,""width"":58.80764014466547,""height"":57.504520795660035,""rotation"":0,""rectanglelabels"":[""cucumber""],""original_width"":1280,""original_height"":853},{""x"":26.150118670886073,""y"":26.582278481012654,""width"":65.55605786618446,""height"":66.36528028933094,""rotation"":0,""rectanglelabels"":[""cucumber""],""original_width"":1280,""original_height"":853}]",25.659,"2024-06-03T16:39:35.526990Z"
16,"1","2024-06-03T16:40:06.235870Z",17,"/data/upload/1/37549392-Image_24.jpg","[{""x"":21.262553802008608,""y"":30.989956958393105,""width"":72.92682926829266,""height"":21.37733142037303,""rotation"":0,""rectanglelabels"":[""cucumber""],""original_width"":500,""original_height"":650},{""x"":24.992826398852223,""y"":49.64131994261118,""width"":69.56958393113342,""height"":22.238163558106166,""rotation"":0,""rectanglelabels"":[""cucumber""],""original_width"":500,""original_height"":650}]",28.907,"2024-06-03T16:40:06.235870Z"
17,"1","2024-06-03T16:40:47.808475Z",18,"/data/upload/1/01bfc2eb-Image_28.jpg","[{""x"":10.366850188351203,""y"":2.275957200481571e-15,""width"":75.94320486815417,""height"":56.15763546798029,""rotation"":0,""rectanglelabels"":[""cucumber""],""original_width"":1275,""original_height"":936},{""x"":22.421327151550273,""y"":32.67651888341543,""width"":77.57867284844973,""height"":56.650246305418726,""rotation"":0,""rectanglelabels"":[""cucumber""],""original_width"":1275,""original_height"":936}]",39.606,"2024-06-03T16:40:47.808475Z"
18,"1","2024-06-03T16:41:30.490479Z",19,"/data/upload/1/86a44c55-Image_30.jpg","[{""x"":15.702064023441356,""y"":12.529775739031374,""width"":16.01299598430158,""height"":45.624103299856536,""rotation"":0,""rectanglelabels"":[""cucumber""],""original_width"":945,""original_height"":1024},{""x"":49.759527663581714,""y"":4.878048780487809,""width"":18.96684961247371,""height"":84.36154949784793,""rotation"":0,""rectanglelabels"":[""cucumber""],""original_width"":945,""original_height"":1024},{""x"":81.77510570623912,""y"":53.08464849354376,""width"":11.038084610537979,""height"":43.615494978479184,""rotation"":0,""rectanglelabels"":[""cucumber""],""original_width"":945,""original_height"":1024}]",83.842,"2024-06-03T16:42:51.477925Z"
19,"1","2024-06-03T16:42:06.160261Z",20,"/data/upload/1/46bdedb3-Image_32.jpg","[{""x"":3.6809815950920246,""y"":27.58406461132251,""width"":46.01226993865031,""height"":48.75669798866195,""rotation"":0,""rectanglelabels"":[""cucumber""],""original_width"":1920,""original_height"":1580},{""x"":32.63803680981595,""y"":18.041469286324453,""width"":50.79754601226994,""height"":59.044808573425485,""rotation"":0,""rectanglelabels"":[""cucumber""],""original_width"":1920,""original_height"":1580}]",31.345,"2024-06-03T16:42:06.160261Z"
20,"1","2024-06-03T16:43:45.042215Z",21,"/data/upload/1/f7a5ea06-Image_34.jpg","[{""x"":23.6144578313253,""y"":13.493975903614459,""width"":64.6987951807229,""height"":33.092369477911646,""rotation"":0,""rectanglelabels"":[""cucumber""],""original_width"":600,""original_height"":450},{""x"":33.6144578313253,""y"":36.30522088353413,""width"":35.66265060240964,""height"":31.96787148594378,""rotation"":0,""rectanglelabels"":[""cucumber""],""original_width"":600,""original_height"":450},{""x"":72.89156626506023,""y"":35.66265060240964,""width"":27.108433734939766,""height"":34.538152610441756,""rotation"":0,""rectanglelabels"":[""cucumber""],""original_width"":600,""original_height"":450}]",49.002,"2024-06-03T16:43:45.042215Z"
21,"1","2024-06-03T16:44:38.302440Z",22,"/data/upload/1/580801ad-Image_35.jpg","[{""x"":-1.7763568394002505e-15,""y"":29.124820659971306,""width"":57.11979913916787,""height"":54.23242467718795,""rotation"":0,""rectanglelabels"":[""cucumber""],""original_width"":1024,""original_height"":1120},{""x"":38.28909612625538,""y"":38.880918220946924,""width"":61.513629842180784,""height"":28.98134863701578,""rotation"":0,""rectanglelabels"":[""cucumber""],""original_width"":1024,""original_height"":1120}]",27.093,"2024-06-03T16:44:38.303439Z"
22,"1","2024-06-03T16:45:14.623202Z",23,"/data/upload/1/a54c24f8-Image_36.jpeg","[{""x"":5.878253740520595,""y"":9.756097560975608,""width"":53.63906538225041,""height"":84.3615494978479,""rotation"":0,""rectanglelabels"":[""cucumber""],""original_width"":700,""original_height"":1195}]",55.893,"2024-06-03T16:45:14.623202Z"
23,"1","2024-06-03T16:46:05.695523Z",24,"/data/upload/1/28bdf366-Image_37.jpg","[{""x"":11.887024059911324,""y"":21.89382780469769,""width"":81.45782491781205,""height"":34.905315696545685,""rotation"":9.360190801911983,""rectanglelabels"":[""cucumber""],""original_width"":1200,""original_height"":801}]",49.077,"2024-06-03T16:46:05.695523Z"
24,"1","2024-06-03T16:47:53.153443Z",25,"/data/upload/1/010901f4-Image_38.png","[{""x"":9.217728467415261,""y"":49.07616229173939,""width"":87.75407147300118,""height"":22.510584541284384,""rotation"":340.54105879418614,""rectanglelabels"":[""cucumber""],""original_width"":1000,""original_height"":1000},{""x"":0.913872485856514,""y"":41.914857158735735,""width"":85.39306041674057,""height"":20.306095804038975,""rotation"":342.28695292231214,""rectanglelabels"":[""cucumber""],""original_width"":1000,""original_height"":1000},{""x"":9.732972993822822,""y"":71.41674116559288,""width"":89.45686032248047,""height"":20.36661201766984,""rotation"":336.0544770904611,""rectanglelabels"":[""cucumber""],""original_width"":1000,""original_height"":1000},{""x"":105.59540889526542,""y"":47.63271162123386,""width"":5.595408895265422,""height"":15.638450502152075,""rotation"":0,""rectanglelabels"":[""cucumber""],""original_width"":1000,""original_height"":1000}]",105.64,"2024-06-03T16:47:53.153443Z"
25,"1","2024-06-03T16:48:55.113009Z",26,"/data/upload/1/93a1c8fa-Image_39.jpg","[{""x"":65.78976865136299,""y"":6.169296987087518,""width"":29.834895086083208,""height"":41.89383070301291,""rotation"":0,""rectanglelabels"":[""cucumber""],""original_width"":1024,""original_height"":1365},{""x"":4.589983859397418,""y"":23.38593974175036,""width"":52.019817073170735,""height"":47.77618364418939,""rotation"":0,""rectanglelabels"":[""cucumber""],""original_width"":1024,""original_height"":1365},{""x"":4.781233186872312,""y"":68.29268292682922,""width"":55.2710556402439,""height"":15.494978479196519,""rotation"":0,""rectanglelabels"":[""cucumber""],""original_width"":1024,""original_height"":1365},{""x"":2.486241257173601,""y"":78.90961262553802,""width"":64.45102335903874,""height"":14.777618364418938,""rotation"":0,""rectanglelabels"":[""cucumber""],""original_width"":1024,""original_height"":1365},{""x"":0.1912493274748924,""y"":11.33428981348637,""width"":55.2710556402439,""height"":16.21233859397419,""rotation"":0,""rectanglelabels"":[""cucumber""],""original_width"":1024,""original_height"":1365},{""x"":73.4397417503587,""y"":51.36298421807744,""width"":19.316182074964143,""height"":42.467718794835015,""rotation"":0,""rectanglelabels"":[""cucumber""],""original_width"":1024,""original_height"":1365}]",138.084,"2024-06-03T16:50:15.216792Z"
26,"1","2024-06-03T16:51:29.952841Z",27,"/data/upload/1/6153d200-Image_42.png","[{""x"":40.64072986577181,""y"":17.002237136465325,""width"":12.541946308724839,""height"":82.99776286353467,""rotation"":0,""rectanglelabels"":[""cucumber""],""original_width"":512,""original_height"":276},{""x"":50.047189597315366,""y"":0,""width"":18.33053691275175,""height"":62.41610738255034,""rotation"":0,""rectanglelabels"":[""cucumber""],""original_width"":512,""original_height"":276},{""x"":58.72850136585177,""y"":11.795701389657284,""width"":13.231262754780495,""height"":81.70266582953789,""rotation"":331.27700656965226,""rectanglelabels"":[""cucumber""],""original_width"":512,""original_height"":276}]",71.555,"2024-06-03T16:51:29.952841Z"
27,"1","2024-06-03T16:51:48.534410Z",28,"/data/upload/1/8649b4ce-Image_46.jpg","[{""x"":7.228915662650602,""y"":14.457831325301202,""width"":83.73493975903608,""height"":62.71319042403379,""rotation"":0,""rectanglelabels"":[""cucumber""],""original_width"":480,""original_height"":308}]",15.413,"2024-06-03T16:51:48.534410Z"
28,"1","2024-06-03T16:52:07.490327Z",29,"/data/upload/1/038a7f51-Image_50.JPG","[{""x"":17.228915662650554,""y"":35.50200803212848,""width"":76.38554216867455,""height"":32.12851405622482,""rotation"":0,""rectanglelabels"":[""cucumber""],""original_width"":980,""original_height"":735}]",17.039,"2024-06-03T16:52:07.490327Z"
29,"1","2024-06-03T16:53:59.415529Z",30,"/data/upload/1/fd0c5f96-Image_52.jpg","[{""x"":23.85542168674699,""y"":34.929215669360005,""width"":37.831325301204835,""height"":34.92921566935996,""rotation"":0,""rectanglelabels"":[""cucumber""],""original_width"":3836,""original_height"":2514},{""x"":16.265060240963848,""y"":55.51906911656166,""width"":31.566265060240983,""height"":44.12111452971786,""rotation"":0,""rectanglelabels"":[""cucumber""],""original_width"":3836,""original_height"":2514},{""x"":38.674698795180724,""y"":1.3322676295501877e-15,""width"":29.036144578313255,""height"":42.098896780439176,""rotation"":0,""rectanglelabels"":[""cucumber""],""original_width"":3836,""original_height"":2514},{""x"":60.72289156626508,""y"":42.8342486892678,""width"":24.939759036144608,""height"":56.07058304818321,""rotation"":0,""rectanglelabels"":[""cucumber""],""original_width"":3836,""original_height"":2514},{""x"":56.3855421686747,""y"":1.470703817657264,""width"":27.349397590361345,""height"":34.92921566936001,""rotation"":0,""rectanglelabels"":[""cucumber""],""original_width"":3836,""original_height"":2514},{""x"":73.25301204819273,""y"":32.539321965666964,""width"":26.7469879518072,""height"":21.509043333237493,""rotation"":0,""rectanglelabels"":[""cucumber""],""original_width"":3836,""original_height"":2514}]",105.661,"2024-06-03T16:53:59.415529Z"
30,"1","2024-06-03T16:54:21.065530Z",31,"/data/upload/1/e3e94ada-Image_53.JPG","[{""x"":27.54662840746055,""y"":47.63271162123389,""width"":26.972740315638426,""height"":44.045911047345726,""rotation"":0,""rectanglelabels"":[""cucumber""],""original_width"":1200,""original_height"":1600}]",18.949,"2024-06-03T16:54:21.065530Z"
31,"1","2024-06-03T16:55:01.581161Z",32,"/data/upload/1/fe7cd95f-Image_54.png","[{""x"":31.15249804769083,""y"":0,""width"":47.77714844814122,""height"":96.12625538020086,""rotation"":0,""rectanglelabels"":[""cucumber""],""original_width"":2528,""original_height"":2639},{""x"":0.7488581261464139,""y"":21.52080344332854,""width"":60.80727984308879,""height"":63.41463414634144,""rotation"":0,""rectanglelabels"":[""cucumber""],""original_width"":2528,""original_height"":2639},{""x"":64.85111372427947,""y"":22.3816355810617,""width"":34.69957140003268,""height"":73.3142037302726,""rotation"":0,""rectanglelabels"":[""cucumber""],""original_width"":2528,""original_height"":2639}]",38.255,"2024-06-03T16:55:01.581161Z"
32,"1","2024-06-03T16:55:15.386754Z",33,"/data/upload/1/fa44402b-Image_55.png","[{""x"":3.5868005738880915,""y"":15.351506456241031,""width"":94.54806312769009,""height"":73.02725968436155,""rotation"":0,""rectanglelabels"":[""cucumber""],""original_width"":600,""original_height"":600}]",10.262,"2024-06-03T16:55:15.386754Z"
33,"1","2024-06-03T16:56:25.893089Z",34,"/data/upload/1/e2748eba-Image_56.jpg","[{""x"":15.668612027404214,""y"":54.35168738898757,""width"":6.990611519918803,""height"":16.696269982238007,""rotation"":0,""rectanglelabels"":[""cucumber""],""original_width"":1260,""original_height"":855},{""x"":22.53869576249683,""y"":64.65364120781527,""width"":8.43694493783304,""height"":16.51865008880995,""rotation"":0,""rectanglelabels"":[""cucumber""],""original_width"":1260,""original_height"":855},{""x"":34.10936310581071,""y"":63.232682060390765,""width"":8.075361583354479,""height"":17.584369449378322,""rotation"":0,""rectanglelabels"":[""cucumber""],""original_width"":1260,""original_height"":855},{""x"":32.301446333417914,""y"":58.081705150976916,""width"":8.316417153006856,""height"":9.769094138543505,""rotation"":0,""rectanglelabels"":[""cucumber""],""original_width"":1260,""original_height"":855},{""x"":22.29764019284448,""y"":56.483126110124424,""width"":10.48591727987819,""height"":12.966252220248553,""rotation"":0,""rectanglelabels"":[""cucumber""],""original_width"":1260,""original_height"":855},{""x"":30.252473991372742,""y"":53.46358792184724,""width"":9.160111646790153,""height"":10.8348134991119,""rotation"":0,""rectanglelabels"":[""cucumber""],""original_width"":1260,""original_height"":855},{""x"":23.50291804110632,""y"":52.042628774422674,""width"":12.77594519157574,""height"":6.749555950266428,""rotation"":0,""rectanglelabels"":[""cucumber""],""original_width"":1260,""original_height"":855},{""x"":26.877696016239533,""y"":66.78507992895204,""width"":9.521695001268718,""height"":16.34103019538189,""rotation"":0,""rectanglelabels"":[""cucumber""],""original_width"":1260,""original_height"":855}]",68.515,"2024-06-03T16:56:25.893089Z"
34,"1","2024-06-03T16:57:22.863977Z",35,"/data/upload/1/414e54c5-Image_59.png","[{""x"":19.53488372093019,""y"":4.844961240310078,""width"":55.46942291128333,""height"":67.82945736434102,""rotation"":0,""rectanglelabels"":[""cucumber""],""original_width"":360,""original_height"":224},{""x"":6.6322136089577945,""y"":34.6899224806201,""width"":82.84237726098186,""height"":33.33333333333322,""rotation"":0,""rectanglelabels"":[""cucumber""],""original_width"":360,""original_height"":224},{""x"":7.235142118863055,""y"":58.139534883720955,""width"":86.09819121447029,""height"":34.49612403100772,""rotation"":0,""rectanglelabels"":[""cucumber""],""original_width"":360,""original_height"":224}]",54.376,"2024-06-03T16:57:22.863977Z"
35,"1","2024-06-03T16:57:45.732959Z",36,"/data/upload/1/5561f43b-Image_61.jpg","[{""x"":8.433734939759034,""y"":12.558232931726906,""width"":86.7469879518072,""height"":76.41365461847388,""rotation"":0,""rectanglelabels"":[""cucumber""],""original_width"":424,""original_height"":240}]",18.406,"2024-06-03T16:57:45.732959Z"
36,"1","2024-06-03T16:59:23.238491Z",37,"/data/upload/1/b31cfa9b-Image_64.jpg","[{""x"":30.120481927710852,""y"":69.02013649001601,""width"":43.493975903614476,""height"":25.53745050130597,""rotation"":0,""rectanglelabels"":[""cucumber""],""original_width"":1024,""original_height"":715},{""x"":28.554216867469883,""y"":0,""width"":20.361445783132506,""height"":52.80040441486219,""rotation"":0,""rectanglelabels"":[""cucumber""],""original_width"":1024,""original_height"":715},{""x"":44.578313253012034,""y"":10.698121155952482,""width"":19.638554216867462,""height"":54.525907827112654,""rotation"":0,""rectanglelabels"":[""cucumber""],""original_width"":1024,""original_height"":715},{""x"":57.59036144578319,""y"":39.51402814053416,""width"":23.855421686746944,""height"":41.06698121155951,""rotation"":0,""rectanglelabels"":[""cucumber""],""original_width"":1024,""original_height"":715},{""x"":64.21686746987952,""y"":11.905973544527763,""width"":23.734939759036138,""height"":52.6278540736372,""rotation"":0,""rectanglelabels"":[""cucumber""],""original_width"":1024,""original_height"":715},{""x"":81.68674698795168,""y"":12.42362456820287,""width"":17.831325301204938,""height"":57.97691465161334,""rotation"":0,""rectanglelabels"":[""cucumber""],""original_width"":1024,""original_height"":715},{""x"":4.337349397590361,""y"":13.804027298003197,""width"":22.89156626506024,""height"":57.80436431038842,""rotation"":0,""rectanglelabels"":[""cucumber""],""original_width"":1024,""original_height"":715}]",95.615,"2024-06-03T16:59:23.238491Z"
37,"1","2024-06-03T16:59:43.991355Z",38,"/data/upload/1/0ce1d5cc-Image_68.jpg","[{""x"":7.228915662650602,""y"":28.915662650602407,""width"":83.85542168674685,""height"":38.072289156626475,""rotation"":0,""rectanglelabels"":[""cucumber""],""original_width"":400,""original_height"":300}]",18.41,"2024-06-03T16:59:43.991355Z"
38,"1","2024-06-03T17:00:00.115033Z",39,"/data/upload/1/9ac4547a-Image_69.jpg","[{""x"":5.542168674698794,""y"":11.405622489959832,""width"":88.31325301204821,""height"":79.35742971887552,""rotation"":0,""rectanglelabels"":[""cucumber""],""original_width"":400,""original_height"":300}]",14.246,"2024-06-03T17:00:00.115033Z"
39,"1","2024-06-03T17:02:25.660121Z",40,"/data/upload/1/a46d333e-Image_76.JPG","[{""x"":1.5781922525107603,""y"":19.94261119081779,""width"":32.137733142037305,""height"":28.55093256814921,""rotation"":0,""rectanglelabels"":[""cucumber""],""original_width"":480,""original_height"":480},{""x"":30.98995695839305,""y"":20.659971305595402,""width"":36.441893830703066,""height"":25.394548063127694,""rotation"":0,""rectanglelabels"":[""cucumber""],""original_width"":480,""original_height"":480},{""x"":46.484935437589655,""y"":61.11908177905308,""width"":29.69870875179337,""height"":22.09469153515054,""rotation"":0,""rectanglelabels"":[""cucumber""],""original_width"":480,""original_height"":480},{""x"":24.2467718794835,""y"":44.33285509325673,""width"":28.550932568149108,""height"":22.238163558106258,""rotation"":0,""rectanglelabels"":[""cucumber""],""original_width"":480,""original_height"":480},{""x"":52.22381635581057,""y"":42.32424677187951,""width"":24.10329985652801,""height"":22.955523672883764,""rotation"":0,""rectanglelabels"":[""cucumber""],""original_width"":480,""original_height"":480},{""x"":17.934002869440455,""y"":60.832137733142,""width"":23.09899569583931,""height"":23.385939741750395,""rotation"":0,""rectanglelabels"":[""cucumber""],""original_width"":480,""original_height"":480},{""x"":0.1434720229555237,""y"":38.593974175035726,""width"":24.67718794835007,""height"":22.812051649928247,""rotation"":0,""rectanglelabels"":[""cucumber""],""original_width"":480,""original_height"":480},{""x"":0,""y"":53.94548063127689,""width"":23.098995695839307,""height"":30.272596843615496,""rotation"":0,""rectanglelabels"":[""cucumber""],""original_width"":480,""original_height"":480},{""x"":64.70588235294115,""y"":34.002869440459115,""width"":25.107604017216662,""height"":20.803443328550934,""rotation"":0,""rectanglelabels"":[""cucumber""],""original_width"":480,""original_height"":480},{""x"":71.30559540889527,""y"":55.23672883787661,""width"":25.824964131994243,""height"":28.263988522238154,""rotation"":0,""rectanglelabels"":[""cucumber""],""original_width"":480,""original_height"":480},{""x"":86.2266857962697,""y"":38.02008608321378,""width"":13.629842180774695,""height"":21.52080344332856,""rotation"":0,""rectanglelabels"":[""cucumber""],""original_width"":480,""original_height"":480},{""x"":80.05738880918223,""y"":22.381635581061694,""width"":19.942611190817715,""height"":17.934002869440445,""rotation"":0,""rectanglelabels"":[""cucumber""],""original_width"":480,""original_height"":480}]",141.16,"2024-06-03T17:02:25.660121Z"
40,"1","2024-06-03T17:02:46.463979Z",41,"/data/upload/1/253ba05f-Image_77.jpg","[{""x"":6.599713055954087,""y"":30.272596843615464,""width"":86.80057388809183,""height"":39.167862266857995,""rotation"":0,""rectanglelabels"":[""cucumber""],""original_width"":488,""original_height"":488}]",17.988,"2024-06-03T17:02:46.463979Z"
41,"1","2024-06-03T17:03:20.130558Z",42,"/data/upload/1/162db978-Image_82.png","[{""x"":18.703821917721637,""y"":17.073170731707318,""width"":30.185375966224033,""height"":64.27546628407461,""rotation"":0,""rectanglelabels"":[""cucumber""],""original_width"":454,""original_height"":586},{""x"":49.259570595187675,""y"":27.259684361549493,""width"":25.000158008835854,""height"":72.74031563845051,""rotation"":0,""rectanglelabels"":[""cucumber""],""original_width"":454,""original_height"":586}]",30.741,"2024-06-03T17:03:20.130558Z"
42,"1","2024-06-03T17:10:32.928274Z",43,"/data/upload/1/c1f339b8-Image_86.jpg","[{""x"":46.7469879518072,""y"":28.391238499966065,""width"":40.96385542168672,""height"":57.14414882795722,""rotation"":0,""rectanglelabels"":[""cucumber""],""original_width"":800,""original_height"":533},{""x"":17.349397590361413,""y"":32.73130043626661,""width"":29.27710843373496,""height"":27.48705892990348,""rotation"":0,""rectanglelabels"":[""cucumber""],""original_width"":800,""original_height"":533},{""x"":6.626506024096393,""y"":70.3451705508714,""width"":38.6746987951807,""height"":29.654829449128588,""rotation"":0,""rectanglelabels"":[""cucumber""],""original_width"":800,""original_height"":533},{""x"":40.602409638554185,""y"":35.08216731842945,""width"":20.722891566265076,""height"":61.122538936232715,""rotation"":0,""rectanglelabels"":[""cucumber""],""original_width"":800,""original_height"":533},{""x"":59.7590361445783,""y"":15.73272451908949,""width"":40.24096385542161,""height"":31.103777210153904,""rotation"":0,""rectanglelabels"":[""cucumber""],""original_width"":800,""original_height"":533},{""x"":19.638554216867472,""y"":9.403467528651191,""width"":46.626506024096365,""height"":29.114582156016183,""rotation"":0,""rectanglelabels"":[""cucumber""],""original_width"":800,""original_height"":533}]",430.72,"2024-06-03T17:10:32.928274Z"
43,"1","2024-06-03T17:11:02.948296Z",44,"/data/upload/1/194a97e1-Image_88.jpg","[{""x"":3.299856527977045,""y"":32.85509325681492,""width"":45.480631276901015,""height"":51.07604017216643,""rotation"":0,""rectanglelabels"":[""cucumber""],""original_width"":800,""original_height"":800},{""x"":28.981348637015785,""y"":42.61119081779053,""width"":65.99713055954089,""height"":44.476327116212325,""rotation"":0,""rectanglelabels"":[""cucumber""],""original_width"":800,""original_height"":800}]",26.877,"2024-06-03T17:11:02.948296Z"
44,"1","2024-06-03T17:11:46.165357Z",45,"/data/upload/1/a54df76e-Image_90.jpg","[{""x"":38.163558106169305,""y"":26.111908177905296,""width"":61.836441893830674,""height"":41.17647058823532,""rotation"":0,""rectanglelabels"":[""cucumber""],""original_width"":1000,""original_height"":1000},{""x"":57.53228120516513,""y"":64.27546628407464,""width"":42.46771879483487,""height"":35.72453371592536,""rotation"":0,""rectanglelabels"":[""cucumber""],""original_width"":1000,""original_height"":1000},{""x"":14.77761836441895,""y"":0,""width"":52.6542324246772,""height"":68.00573888091823,""rotation"":0,""rectanglelabels"":[""cucumber""],""original_width"":1000,""original_height"":1000}]",41.322,"2024-06-03T17:11:46.165357Z"
45,"1","2024-06-03T17:12:23.951061Z",46,"/data/upload/1/31364b6e-Image_91.jpeg","[{""x"":41.08433734939759,""y"":40.321285140562246,""width"":58.91566265060235,""height"":59.67871485943771,""rotation"":0,""rectanglelabels"":[""cucumber""],""original_width"":600,""original_height"":450},{""x"":39.87951807228916,""y"":10.120481927710829,""width"":60.120481927710834,""height"":69.2369477911646,""rotation"":0,""rectanglelabels"":[""cucumber""],""original_width"":600,""original_height"":450},{""x"":45.421686746987945,""y"":0,""width"":54.578313253012,""height"":38.87550200803213,""rotation"":0,""rectanglelabels"":[""cucumber""],""original_width"":600,""original_height"":450}]",34.789,"2024-06-03T17:12:23.951061Z"
46,"1","2024-06-03T17:13:17.987717Z",47,"/data/upload/1/e7163043-Image_94.jpg","[{""x"":0,""y"":6.690777576853526,""width"":39.18022905364676,""height"":85.17179023508139,""rotation"":0,""rectanglelabels"":[""cucumber""],""original_width"":1500,""original_height"":1000},{""x"":14.34599156118144,""y"":47.19710669077756,""width"":34.11693791440625,""height"":52.80289330922241,""rotation"":0,""rectanglelabels"":[""cucumber""],""original_width"":1500,""original_height"":1000},{""x"":42.6763110307414,""y"":9.945750452079565,""width"":57.3236889692586,""height"":34.177215189873415,""rotation"":0,""rectanglelabels"":[""cucumber""],""original_width"":1500,""original_height"":1000},{""x"":38.81856540084385,""y"":35.98553345388783,""width"":45.20795660036169,""height"":64.01446654611213,""rotation"":0,""rectanglelabels"":[""cucumber""],""original_width"":1500,""original_height"":1000},{""x"":72.57383966244724,""y"":45.02712477396022,""width"":27.42616033755276,""height"":54.97287522603978,""rotation"":0,""rectanglelabels"":[""cucumber""],""original_width"":1500,""original_height"":1000}]",51.542,"2024-06-03T17:13:17.987717Z"
47,"1","2024-06-03T17:13:51.956625Z",48,"/data/upload/1/bca4fc82-Image_95.jpg","[{""x"":6.506024096385541,""y"":16.090548774475973,""width"":88.31325301204804,""height"":30.50499871827733,""rotation"":0,""rectanglelabels"":[""cucumber""],""original_width"":850,""original_height"":611},{""x"":20.72289156626504,""y"":43.57856959753895,""width"":52.04819277108427,""height"":51.45623410170963,""rotation"":0,""rectanglelabels"":[""cucumber""],""original_width"":850,""original_height"":611}]",31.14,"2024-06-03T17:13:51.956625Z"
48,"1","2024-06-03T17:14:34.258105Z",49,"/data/upload/1/f21e820d-Image_98.jpg","[{""x"":5.738880918220947,""y"":18.364418938307033,""width"":80.6312769010043,""height"":37.73314203730273,""rotation"":0,""rectanglelabels"":[""cucumber""],""original_width"":1000,""original_height"":1000},{""x"":17.360114777618364,""y"":7.604017216642754,""width"":79.91391678622678,""height"":37.44619799139171,""rotation"":0,""rectanglelabels"":[""cucumber""],""original_width"":1000,""original_height"":1000},{""x"":0,""y"":45.33715925394548,""width"":68.14921090387375,""height"":41.1764705882353,""rotation"":0,""rectanglelabels"":[""cucumber""],""original_width"":1000,""original_height"":1000},{""x"":0,""y"":37.73314203730269,""width"":81.06169296987088,""height"":38.59397417503586,""rotation"":0,""rectanglelabels"":[""cucumber""],""original_width"":1000,""original_height"":1000}]",39.784,"2024-06-03T17:14:34.258105Z"
49,"1","2024-06-03T17:15:13.064503Z",50,"/data/upload/1/652d36ed-Image_100.jpg","[{""x"":3.7302725968436166,""y"":21.520803443328543,""width"":83.78766140602572,""height"":72.74031563845051,""rotation"":0,""rectanglelabels"":[""cucumber""],""original_width"":1000,""original_height"":1000},{""x"":12.195121951219512,""y"":7.747489239598278,""width"":84.93543758967002,""height"":51.07604017216643,""rotation"":0,""rectanglelabels"":[""cucumber""],""original_width"":1000,""original_height"":1000},{""x"":3.7302725968435992,""y"":42.18077474892393,""width"":96.2697274031563,""height"":36.728837876614016,""rotation"":0,""rectanglelabels"":[""cucumber""],""original_width"":1000,""original_height"":1000}]",35.368,"2024-06-03T17:15:13.064503Z"
